﻿pos_x,pos_y,rotation,side,designator,mpn,pack,value,mount_type,place
139.18,-121.43,180.0,top,C12,,C_2220_5650Metric,100n,smt,True
139.18,-114.48,180.0,top,C13,,C_2220_5650Metric,100n,smt,True
156.68,-109.43,-90.0,top,C14,,C_2220_5650Metric,100n,smt,True
149.18,-109.43,-90.0,top,C15,,C_2220_5650Metric,100n,smt,True
175.0,-121.0,180.0,top,C16,,C_2220_5650Metric,100n,smt,True
175.0,-114.05,180.0,top,C17,,C_2220_5650Metric,100n,smt,True
190.0,-110.0,-90.0,top,C18,,C_2220_5650Metric,100n,smt,True
183.0,-110.0,-90.0,top,C19,,C_2220_5650Metric,100n,smt,True
140.0,-127.46,180.0,bottom,J1,,PinHeader_1x08_P2.54mm_Vertical,Conn_01x08_Pin,tht,True
192.0,-139.08,0.0,bottom,J2,,PinHeader_1x08_P2.54mm_Vertical,Conn_01x08_Pin,tht,True
148.0,-127.45,90.0,top,Q1,,TO-247-3_Vertical,IPW60R099P6XKSA1,tht,True
148.0,-145.45,90.0,top,Q2,,TO-247-3_Vertical,IPW60R099P6XKSA1,tht,True
183.08,-134.25,-90.0,top,Q3,,TO-247-3_Vertical,IPW60R099P6XKSA1,tht,True
183.08,-116.55,-90.0,top,Q4,,TO-247-3_Vertical,IPW60R099P6XKSA1,tht,True
144.0,-147.0,-90.0,top,R1,,R_1206_3216Metric_Pad1.30x1.75mm_HandSolder,10k,smt,True
152.0,-130.0,0.0,top,R2,,R_1206_3216Metric_Pad1.30x1.75mm_HandSolder,10k,smt,True
187.5,-126.0,90.0,top,R5,,R_1206_3216Metric_Pad1.30x1.75mm_HandSolder,10k,smt,True
187.0,-136.0,90.0,top,R6,,R_1206_3216Metric_Pad1.30x1.75mm_HandSolder,10k,smt,True
