[{"pos_x": 147.32, "pos_y": -127.0, "rotation": 90.0, "side": "top", "designator": "Q1", "mpn": null, "pack": "TO-247-3_Vertical", "value": "IPW60R099P6XKSA1", "mount_type": "tht", "place": true}, {"pos_x": 187.5, "pos_y": -114.05, "rotation": 180.0, "side": "top", "designator": "C17", "mpn": null, "pack": "C_2220_5650Metric", "value": "100n?", "mount_type": "smt", "place": true}, {"pos_x": 202.5, "pos_y": -138.0, "rotation": 180.0, "side": "top", "designator": "D6", "mpn": null, "pack": "D_SMB", "value": "1n4148", "mount_type": "smt", "place": true}, {"pos_x": 28.0, "pos_y": -33.0, "rotation": 0.0, "side": "top", "designator": "C5", "mpn": null, "pack": "CP_Radial_D35.0mm_P10.00mm_SnapIn", "value": "330u", "mount_type": "tht", "place": true}, {"pos_x": 177.95, "pos_y": -140.5, "rotation": 0.0, "side": "top", "designator": "C21", "mpn": null, "pack": "C_2220_5650Metric", "value": "100n", "mount_type": "smt", "place": true}, {"pos_x": 212.0, "pos_y": -126.5, "rotation": 180.0, "side": "top", "designator": "C7", "mpn": null, "pack": "C_0805_2012Metric_Pad1.18x1.45mm_HandSolder", "value": "100n", "mount_type": "smt", "place": true}, {"pos_x": 185.455, "pos_y": -95.7, "rotation": 0.0, "side": "top", "designator": "D10", "mpn": null, "pack": "D_SMB", "value": "1n4148", "mount_type": "smt", "place": true}, {"pos_x": 195.58, "pos_y": -134.25, "rotation": -90.0, "side": "top", "designator": "Q3", "mpn": null, "pack": "TO-247-3_Vertical", "value": "IPW60R099P6XKSA1", "mount_type": "tht", "place": true}, {"pos_x": 138.5, "pos_y": -121.5, "rotation": 180.0, "side": "top", "designator": "C12", "mpn": null, "pack": "C_2220_5650Metric", "value": "100n?", "mount_type": "smt", "place": true}, {"pos_x": 199.305, "pos_y": -90.1, "rotation": 180.0, "side": "top", "designator": "D11", "mpn": null, "pack": "D_SMB", "value": "1n4148", "mount_type": "smt", "place": true}, {"pos_x": 147.32, "pos_y": -145.52, "rotation": 90.0, "side": "top", "designator": "Q2", "mpn": null, "pack": "TO-247-3_Vertical", "value": "IPW60R099P6XKSA1", "mount_type": "tht", "place": true}, {"pos_x": 207.7, "pos_y": -83.45, "rotation": 0.0, "side": "top", "designator": "U4", "mpn": null, "pack": "SOT-23-5", "value": "SN74LVC1G14DBV", "mount_type": "smt", "place": true}, {"pos_x": 200.0, "pos_y": -126.0, "rotation": 90.0, "side": "top", "designator": "R5", "mpn": null, "pack": "R_1206_3216Metric_Pad1.30x1.75mm_HandSolder", "value": "10k", "mount_type": "smt", "place": true}, {"pos_x": 140.5, "pos_y": -130.81, "rotation": 0.0, "side": "top", "designator": "D4", "mpn": null, "pack": "D_SMB", "value": "1n4148", "mount_type": "smt", "place": true}, {"pos_x": 195.58, "pos_y": -116.84, "rotation": -90.0, "side": "top", "designator": "Q4", "mpn": null, "pack": "TO-247-3_Vertical", "value": "IPW60R099P6XKSA1", "mount_type": "tht", "place": true}, {"pos_x": 202.0, "pos_y": -120.5, "rotation": 180.0, "side": "top", "designator": "D7", "mpn": null, "pack": "D_SMB", "value": "1n4148", "mount_type": "smt", "place": true}, {"pos_x": 185.455, "pos_y": -90.15, "rotation": 0.0, "side": "top", "designator": "D9", "mpn": null, "pack": "D_SMB", "value": "1n4148", "mount_type": "smt", "place": true}, {"pos_x": 178.0, "pos_y": -122.5, "rotation": 0.0, "side": "top", "designator": "C11", "mpn": null, "pack": "C_2220_5650Metric", "value": "100n", "mount_type": "smt", "place": true}, {"pos_x": 178.0, "pos_y": -128.5, "rotation": 0.0, "side": "top", "designator": "C1", "mpn": null, "pack": "C_2220_5650Metric", "value": "100n", "mount_type": "smt", "place": true}, {"pos_x": 216.5, "pos_y": -80.0, "rotation": 0.0, "side": "top", "designator": "U5", "mpn": null, "pack": "SOIC-8_3.9x4.9mm_P1.27mm", "value": "NE555D", "mount_type": "smt", "place": true}, {"pos_x": 142.223322, "pos_y": -145.530476, "rotation": 180.0, "side": "top", "designator": "R2", "mpn": null, "pack": "R_1206_3216Metric_Pad1.30x1.75mm_HandSolder", "value": "22", "mount_type": "smt", "place": true}, {"pos_x": 178.0, "pos_y": -116.5, "rotation": 0.0, "side": "top", "designator": "C10", "mpn": null, "pack": "C_2220_5650Metric", "value": "100n", "mount_type": "smt", "place": true}, {"pos_x": 151.5, "pos_y": -130.0, "rotation": 0.0, "side": "top", "designator": "R8", "mpn": null, "pack": "R_1206_3216Metric_Pad1.30x1.75mm_HandSolder", "value": "10k", "mount_type": "smt", "place": true}, {"pos_x": 140.5, "pos_y": -142.0, "rotation": 0.0, "side": "top", "designator": "D5", "mpn": null, "pack": "D_SMB", "value": "1n4148", "mount_type": "smt", "place": true}, {"pos_x": 185.455, "pos_y": -84.6, "rotation": 0.0, "side": "top", "designator": "D8", "mpn": null, "pack": "D_SMB", "value": "1n4148", "mount_type": "smt", "place": true}, {"pos_x": 148.5, "pos_y": -109.5, "rotation": -90.0, "side": "top", "designator": "C15", "mpn": null, "pack": "C_2220_5650Metric", "value": "100n?", "mount_type": "smt", "place": true}, {"pos_x": 214.68, "pos_y": -84.73, "rotation": 0.0, "side": "top", "designator": "C8", "mpn": null, "pack": "C_0805_2012Metric_Pad1.18x1.45mm_HandSolder", "value": "C", "mount_type": "smt", "place": true}, {"pos_x": 200.5, "pos_y": -143.0, "rotation": 90.0, "side": "top", "designator": "R6", "mpn": null, "pack": "R_1206_3216Metric_Pad1.30x1.75mm_HandSolder", "value": "10k", "mount_type": "smt", "place": true}, {"pos_x": 129.5, "pos_y": -126.0, "rotation": 180.0, "side": "top", "designator": "D1", "mpn": null, "pack": "D_SMB", "value": "STTH2R06", "mount_type": "smt", "place": true}, {"pos_x": 156.0, "pos_y": -109.5, "rotation": -90.0, "side": "top", "designator": "C14", "mpn": null, "pack": "C_2220_5650Metric", "value": "100n?", "mount_type": "smt", "place": true}, {"pos_x": 214.68, "pos_y": -87.74, "rotation": 0.0, "side": "top", "designator": "C9", "mpn": null, "pack": "C_0805_2012Metric_Pad1.18x1.45mm_HandSolder", "value": "C", "mount_type": "smt", "place": true}, {"pos_x": 142.204348, "pos_y": -127.041693, "rotation": 180.0, "side": "top", "designator": "R1", "mpn": null, "pack": "R_1206_3216Metric_Pad1.30x1.75mm_HandSolder", "value": "22", "mount_type": "smt", "place": true}, {"pos_x": 187.5, "pos_y": -121.0, "rotation": 180.0, "side": "top", "designator": "C16", "mpn": null, "pack": "C_2220_5650Metric", "value": "100n?", "mount_type": "smt", "place": true}, {"pos_x": 48.125, "pos_y": -106.65, "rotation": 180.0, "side": "top", "designator": "D2", "mpn": null, "pack": "Diode_Bridge_Vishay_KBPC6", "value": "D_Bridge_+-AA", "mount_type": "tht", "place": true}, {"pos_x": 200.687313, "pos_y": -116.831661, "rotation": 180.0, "side": "top", "designator": "R3", "mpn": null, "pack": "R_1206_3216Metric_Pad1.30x1.75mm_HandSolder", "value": "22", "mount_type": "smt", "place": true}, {"pos_x": 195.5, "pos_y": -110.0, "rotation": -90.0, "side": "top", "designator": "C19", "mpn": null, "pack": "C_2220_5650Metric", "value": "100n?", "mount_type": "smt", "place": true}, {"pos_x": 200.84652, "pos_y": -134.244238, "rotation": 180.0, "side": "top", "designator": "R4", "mpn": null, "pack": "R_1206_3216Metric_Pad1.30x1.75mm_HandSolder", "value": "22", "mount_type": "smt", "place": true}, {"pos_x": 210.5, "pos_y": -129.0, "rotation": 180.0, "side": "top", "designator": "D3", "mpn": null, "pack": "D_SMB", "value": "STTH2R06", "mount_type": "smt", "place": true}, {"pos_x": 67.0, "pos_y": -32.0, "rotation": 0.0, "side": "top", "designator": "C6", "mpn": null, "pack": "CP_Radial_D35.0mm_P10.00mm_SnapIn", "value": "330u", "mount_type": "tht", "place": true}, {"pos_x": 143.766856, "pos_y": -150.885651, "rotation": -90.0, "side": "top", "designator": "R7", "mpn": null, "pack": "R_1206_3216Metric_Pad1.30x1.75mm_HandSolder", "value": "10k", "mount_type": "smt", "place": true}, {"pos_x": 17.7, "pos_y": -103.5, "rotation": 0.0, "side": "top", "designator": "FL1", "mpn": null, "pack": "L_CommonMode_PulseElectronics_PH9455x155NL_1", "value": "Filter_EMI_CommonMode", "mount_type": "tht", "place": true}, {"pos_x": 138.5, "pos_y": -114.55, "rotation": 180.0, "side": "top", "designator": "C13", "mpn": null, "pack": "C_2220_5650Metric", "value": "100n?", "mount_type": "smt", "place": true}, {"pos_x": 202.5, "pos_y": -110.0, "rotation": -90.0, "side": "top", "designator": "C18", "mpn": null, "pack": "C_2220_5650Metric", "value": "100n?", "mount_type": "smt", "place": true}, {"pos_x": 67.069501, "pos_y": -70.5, "rotation": 0.0, "side": "top", "designator": "C3", "mpn": null, "pack": "CP_Radial_D35.0mm_P10.00mm_SnapIn", "value": "330u", "mount_type": "tht", "place": true}, {"pos_x": 28.0, "pos_y": -71.0, "rotation": 0.0, "side": "top", "designator": "C4", "mpn": null, "pack": "CP_Radial_D35.0mm_P10.00mm_SnapIn", "value": "330u", "mount_type": "tht", "place": true}, {"pos_x": 132.5, "pos_y": -129.5, "rotation": 180.0, "side": "top", "designator": "C2", "mpn": null, "pack": "C_0805_2012Metric_Pad1.18x1.45mm_HandSolder", "value": "100n", "mount_type": "smt", "place": true}, {"pos_x": 177.95, "pos_y": -134.55, "rotation": 0.0, "side": "top", "designator": "C20", "mpn": null, "pack": "C_2220_5650Metric", "value": "100n", "mount_type": "smt", "place": true}, {"pos_x": 165.0, "pos_y": -128.0, "rotation": 0.0, "side": "top", "designator": "L1", "mpn": null, "pack": "L_Coilcraft_XAL1510-472", "value": "?", "mount_type": "smt", "place": true}, {"pos_x": 207.7, "pos_y": -79.0, "rotation": 0.0, "side": "top", "designator": "U3", "mpn": null, "pack": "SOT-23-5", "value": "SN74LVC1G14DBV", "mount_type": "smt", "place": true}, {"pos_x": 212.8, "pos_y": -131.8, "rotation": 90.0, "side": "bottom", "designator": "U2", "mpn": null, "pack": "DIP-8_W7.62mm_Socket", "value": "IR2184", "mount_type": "tht", "place": true}, {"pos_x": 133.34, "pos_y": -139.69, "rotation": 90.0, "side": "bottom", "designator": "U1", "mpn": null, "pack": "DIP-8_W7.62mm_Socket", "value": "IR2184", "mount_type": "tht", "place": true}]